price,year,engine_size,mileage,horsepower,doors,brand
824316,2013,3.3,28709,265,4,Audi
650926,2018,3.1,72665,132,2,Toyota
714869,2023,3.2,184977,164,4,Toyota
567365,2005,2.3,44569,271,4,Volkswagen
668123,2017,3.0,232129,311,4,Renault
301679,2005,1.5,92339,93,4,Renault
694438,2021,2.3,70736,212,4,Hyundai
833579,2021,2.5,130709,221,2,BMW
663263,2022,2.7,203014,154,4,Toyota
451811,2013,1.5,75821,88,2,Toyota
582768,2018,2.0,120619,182,2,Hyundai
730393,2015,1.5,116750,299,4,BMW
595325,2021,1.7,146024,134,4,Toyota
578025,2017,3.0,86261,90,4,Hyundai
463118,2007,2.2,238839,143,2,BMW
583547,2022,1.2,225627,148,2,Honda
642242,2013,3.0,40134,181,4,Toyota
421670,2010,1.7,211691,101,2,Audi
584215,2011,2.5,90019,201,4,Honda
768903,2015,2.8,125051,230,2,BMW
684034,2016,3.2,200441,194,4,Honda
846193,2018,2.1,108823,304,4,BMW
602635,2008,3.4,68281,239,2,Toyota
308630,2005,1.1,215841,203,4,Fiat
432879,2012,1.1,233605,220,2,Renault
732892,2024,3.1,32542,198,2,Fiat
715788,2024,3.2,77803,149,4,Renault
583655,2005,2.5,31002,253,2,Volkswagen
830361,2022,3.2,64795,111,4,BMW
581809,2014,1.2,34016,135,2,BMW
591899,2021,2.1,166733,123,4,Toyota
711282,2021,2.7,133891,124,2,Volkswagen
414018,2007,2.4,70322,114,4,Ford
491934,2019,1.9,219104,128,2,Fiat
854574,2014,3.3,164054,311,4,Mercedes
357556,2009,1.1,39829,92,4,Hyundai
579402,2009,3.1,46494,244,4,Hyundai
450347,2008,2.1,233366,104,4,Mercedes
522829,2017,1.1,117910,202,4,Renault
439220,2010,2.1,37352,95,2,Hyundai
593498,2010,2.5,115132,247,4,Toyota
550729,2018,1.2,52446,102,4,Honda
519240,2009,2.1,146385,239,4,Ford
419436,2009,1.9,226265,187,2,Hyundai
538330,2007,1.5,49532,181,2,Mercedes
859129,2023,2.1,124421,237,2,BMW
420314,2007,1.6,142384,132,2,Volkswagen
907229,2022,2.3,223359,304,2,Mercedes
569490,2015,1.7,166653,266,2,Hyundai
540209,2006,3.4,168268,141,4,Audi
371458,2006,1.1,107254,108,4,BMW
393128,2006,2.9,174885,124,4,Fiat
758117,2022,2.8,31342,268,2,Renault
764431,2019,2.0,77324,202,2,BMW
670238,2010,2.6,159999,216,4,Mercedes
621431,2020,1.0,128948,277,4,Renault
647959,2014,2.7,127176,134,2,BMW
512333,2008,2.5,80027,133,2,Volkswagen
752692,2018,2.3,169592,232,2,Audi
791125,2022,2.5,40038,296,2,Hyundai
854079,2024,2.7,71049,299,4,Toyota
491651,2014,1.6,238537,166,2,Toyota
705055,2018,1.7,59567,144,4,Mercedes
534668,2016,1.5,92819,209,4,Renault
657708,2013,2.4,140676,254,4,Honda
922334,2024,3.0,87325,163,2,Mercedes
656421,2009,3.2,29868,203,4,Volkswagen
562708,2010,3.1,92568,79,2,Audi
882936,2017,3.0,82803,303,2,Audi
601545,2023,2.4,95244,99,2,Renault
587268,2006,3.3,86741,222,2,Honda
785123,2020,3.2,127622,117,4,Mercedes
575737,2006,2.1,60198,283,4,Honda
408103,2008,2.5,164734,145,2,Renault
502105,2012,3.1,196276,109,4,Toyota
395330,2007,1.7,89312,138,4,Hyundai
639020,2018,2.2,164358,319,4,Fiat
509330,2020,1.2,100770,77,2,Hyundai
569505,2016,2.0,24617,145,4,Ford
602862,2017,2.5,73729,152,4,Hyundai
612790,2009,1.9,101637,301,2,Honda
635005,2013,3.0,177673,145,2,Audi
800242,2023,2.8,128307,119,2,BMW
499317,2017,1.3,127361,70,4,Volkswagen
482204,2014,1.4,37571,171,4,Fiat
589185,2009,3.0,221030,248,2,Volkswagen
521311,2014,1.6,155691,180,4,Toyota
501140,2018,1.3,134993,160,2,Fiat
463582,2006,1.9,108560,273,4,Renault
530226,2017,1.2,94920,81,4,Volkswagen
650621,2023,2.2,211350,144,2,Toyota
604231,2024,1.4,223415,102,4,Volkswagen
587877,2008,1.5,108281,252,4,Mercedes
435394,2013,1.9,234820,125,4,Ford
818489,2022,2.6,70042,169,2,Audi
539458,2015,1.7,77286,110,4,Volkswagen
616258,2007,3.2,216052,276,2,Volkswagen
468368,2017,1.3,86587,98,2,Renault
829373,2023,3.0,82984,295,2,Ford
380388,2007,1.6,136828,154,4,Renault
611518,2007,3.0,191930,282,2,Volkswagen
670263,2015,3.3,38224,167,4,Toyota
701178,2012,1.5,130041,282,2,Mercedes
519700,2014,2.6,166661,113,2,Ford
542861,2013,2.5,121250,222,2,Renault
921521,2023,2.8,75808,296,2,Volkswagen
427286,2009,1.2,201747,148,4,BMW
633475,2017,3.5,136443,145,4,Hyundai
620880,2017,2.6,208322,255,2,Hyundai
669087,2013,2.5,141742,197,2,BMW
440127,2006,1.4,80874,160,2,Volkswagen
637587,2023,1.9,207116,122,4,Honda
551708,2015,2.2,189751,226,4,Hyundai
495423,2015,1.9,238866,180,4,Renault
454857,2011,2.8,210529,77,4,Honda
790094,2024,1.6,157908,153,2,Mercedes
676546,2015,2.5,138323,179,2,BMW
600637,2009,3.4,123003,208,4,Toyota
417373,2013,1.8,144605,127,4,Fiat
518191,2009,2.7,206753,167,2,Honda
537743,2012,2.4,194872,254,4,Fiat
666127,2018,2.5,159522,221,4,Toyota
441710,2017,1.7,137990,73,2,Fiat
875968,2018,3.0,56467,243,2,BMW
845724,2022,2.0,218117,266,4,Mercedes
836243,2016,3.2,157802,283,2,Audi
756571,2024,2.7,190097,303,4,Renault
800955,2021,2.4,101209,187,4,BMW
595460,2012,3.0,142637,157,4,Volkswagen
671535,2022,2.8,125520,172,4,Hyundai
580309,2017,1.7,196354,175,2,Honda
488878,2007,1.3,146474,274,2,Honda
405835,2009,1.1,117889,105,4,Volkswagen
662039,2020,2.2,151817,156,4,Honda
543812,2010,2.3,222557,308,4,Hyundai
481166,2007,1.1,148311,289,2,Toyota
891436,2022,3.0,48357,284,4,Honda
655945,2005,2.8,125539,289,2,Mercedes
601787,2010,2.1,24100,126,4,Mercedes
703842,2021,2.3,35549,238,4,Renault
386349,2012,2.1,193566,90,4,Renault
386233,2005,2.1,69532,179,2,Fiat
552543,2012,2.7,177636,85,2,BMW
654345,2021,1.7,110550,293,4,Fiat
712411,2011,3.2,204822,288,4,Audi
658831,2011,3.2,81015,197,2,Volkswagen
673433,2018,2.7,62924,120,2,Volkswagen
753564,2017,2.1,22136,273,2,Honda
880309,2024,2.1,162372,320,4,Volkswagen
582085,2013,2.9,165930,138,4,Honda
661805,2019,3.0,227754,173,2,Toyota
744979,2007,3.2,68575,272,4,Mercedes
566798,2008,3.2,103061,173,4,Volkswagen
745030,2022,2.1,105344,305,2,Hyundai
813547,2023,2.9,51223,288,4,Hyundai
426288,2009,2.1,235455,203,4,Renault
608903,2012,2.3,113153,265,2,Toyota
553664,2015,1.2,45124,219,4,Hyundai
1018779,2023,3.5,123901,259,4,Mercedes
489735,2012,2.1,202708,243,2,Fiat
589178,2012,1.6,43416,200,4,Volkswagen
479087,2007,1.7,158941,161,2,BMW
666408,2014,2.3,21822,310,2,Renault
624789,2013,2.1,139927,234,2,Honda
687075,2015,2.8,23347,279,4,Hyundai
806324,2024,3.1,190493,265,2,Ford
509821,2011,2.3,175664,253,2,Fiat
435700,2007,2.7,173019,170,4,Renault
574152,2020,2.5,107515,105,2,Fiat
479072,2010,1.8,232089,203,2,Honda
764208,2022,2.9,152743,167,2,Volkswagen
679533,2023,2.1,86031,96,4,Honda
694734,2023,1.4,208771,180,2,Audi
636983,2017,2.2,25620,228,2,Hyundai
640940,2010,3.3,65631,307,4,Fiat
638356,2018,1.5,130087,313,2,Renault
513598,2008,1.1,139038,237,4,BMW
499566,2005,1.7,163701,235,4,BMW
535045,2013,1.2,167111,268,2,Toyota
748375,2014,2.8,197829,255,2,BMW
327677,2005,1.0,78270,142,4,Ford
705582,2021,1.3,120734,238,4,Honda
522846,2005,2.5,211308,295,4,Honda
427286,2015,1.5,137310,84,4,Hyundai
471375,2010,2.9,216157,110,4,Honda
694860,2024,1.5,224085,115,2,Mercedes
842626,2021,3.3,29029,296,4,Ford
793788,2022,3.3,208362,130,4,BMW
613974,2014,2.4,214698,286,2,Hyundai
465648,2008,2.6,109914,175,2,Renault
621444,2008,2.4,84740,293,2,Volkswagen
514331,2020,1.9,195168,144,2,Fiat
749010,2022,1.4,190712,269,4,Volkswagen
638153,2012,2.4,113103,178,2,Audi
378174,2008,1.8,182804,130,2,Hyundai
391683,2009,1.7,90347,93,2,Toyota
557759,2006,3.1,122673,318,4,Renault
388619,2007,2.8,124145,76,2,Renault
536664,2017,1.3,228501,265,4,Renault
274914,2006,1.2,209139,120,2,Fiat
382566,2005,1.7,45994,106,4,Toyota
571151,2006,2.9,23112,307,2,Renault
541076,2007,3.4,77451,237,4,Renault
634866,2018,1.5,54523,180,2,Honda
519729,2005,2.1,42568,295,2,Ford
612002,2013,2.9,21834,110,4,Volkswagen
592614,2013,3.1,60114,175,2,Hyundai
547433,2021,1.1,194709,105,4,Volkswagen
658843,2021,3.1,223822,214,2,Renault
630609,2015,2.2,126266,216,4,Honda
386790,2013,1.0,76053,92,2,Fiat
758668,2024,2.1,165789,274,4,Ford
602329,2021,2.1,31311,133,2,Fiat
459618,2008,2.4,130392,206,4,Fiat
407333,2008,1.7,72642,93,2,Toyota
476682,2016,2.2,225865,104,4,Ford
834103,2024,2.8,152265,134,4,Mercedes
500740,2013,1.4,43721,111,2,Volkswagen
543755,2008,3.5,134044,221,2,Hyundai
626796,2015,2.6,71514,77,4,Audi
563712,2012,1.9,216969,304,4,Ford
649079,2017,1.6,82087,212,4,Volkswagen
695898,2013,2.9,236735,254,2,Audi
872170,2021,2.3,113899,272,4,BMW
647378,2022,1.1,149963,243,4,Ford
750494,2019,2.7,206898,158,2,Mercedes
362655,2011,1.0,208877,134,4,Ford
574290,2018,2.6,224055,142,4,Toyota
917162,2024,2.3,53298,311,4,Volkswagen
791365,2022,3.2,231183,154,2,Audi
681984,2019,2.8,165274,163,4,Honda
448771,2013,1.5,211962,146,2,Ford
569767,2007,3.4,93659,254,2,Renault
522692,2010,1.5,183415,195,2,Audi
641493,2023,1.0,86890,71,2,Audi
493128,2010,2.7,224674,141,2,Honda
442427,2011,2.3,108423,80,2,Ford
501045,2005,3.3,169378,213,2,Toyota
386769,2014,1.1,121876,95,4,Renault
433358,2012,2.0,120206,93,4,Renault
712703,2017,1.9,150851,311,4,Honda
1017367,2023,3.0,37434,277,2,Mercedes
714001,2015,2.4,23488,313,2,Hyundai
384877,2014,1.1,216795,114,4,Fiat
550613,2010,2.4,54252,229,4,Renault
622032,2008,2.5,35854,256,2,Volkswagen
482135,2018,1.4,46153,95,4,Renault
612485,2016,2.0,119486,198,4,Toyota
804015,2021,3.5,100561,190,4,Honda
507884,2011,3.4,203233,116,2,Toyota
551959,2017,1.6,202201,103,2,Audi
580749,2019,1.2,230943,304,2,Fiat
485615,2005,3.5,205805,230,2,Renault
518128,2006,1.1,208890,305,2,Audi
639361,2013,1.9,101416,192,4,BMW
437566,2010,3.0,176322,91,2,Hyundai
554954,2008,2.7,88067,176,2,Honda
514070,2014,1.3,223190,267,4,Renault
465871,2011,2.2,42195,70,2,Toyota
601379,2018,2.8,100403,149,4,Renault
459686,2005,1.7,164936,314,4,Fiat
606284,2017,3.2,205996,215,2,Renault
557567,2020,1.8,127788,104,4,Toyota
542549,2005,1.8,50044,284,2,Honda
581286,2022,1.6,213672,199,2,Renault
694427,2023,2.4,51197,162,2,Ford
745706,2021,3.3,138211,80,2,Audi
525599,2014,1.6,232172,144,2,BMW
795545,2023,3.1,110511,281,2,Hyundai
691565,2019,2.2,24797,253,2,Renault
687534,2020,2.5,89391,114,2,Volkswagen
489552,2011,1.2,213893,162,4,BMW
547334,2014,2.1,62715,123,2,Toyota
515682,2006,3.0,191135,127,4,Mercedes
420064,2006,2.1,111790,99,2,Volkswagen
802326,2023,2.7,119125,276,4,Toyota
639667,2018,1.8,86464,155,2,Honda
537275,2007,3.2,233368,219,4,Honda
689309,2024,2.2,65571,175,4,Hyundai
560802,2009,2.7,194280,295,4,Hyundai
767406,2019,1.2,230657,303,4,Mercedes
491722,2014,1.1,211431,255,2,Renault
598920,2009,3.2,96428,292,2,Fiat
735475,2022,3.4,160154,137,4,Honda
848602,2023,1.3,105967,239,2,Mercedes
399612,2006,1.2,224239,249,2,Hyundai
733408,2021,2.9,189877,258,4,Ford
665709,2015,1.1,203372,300,2,BMW
657883,2010,3.2,24503,260,4,Toyota
590087,2022,1.5,179709,217,2,Fiat
476995,2007,1.7,181489,209,2,Volkswagen
750620,2015,3.2,153234,268,2,Volkswagen
719404,2016,3.2,81430,283,4,Ford
594547,2010,1.5,84669,297,2,Honda
463393,2007,2.4,121612,176,4,Ford
415125,2010,1.9,70054,92,2,Renault
486042,2009,3.4,227074,166,2,Renault
374272,2007,1.4,147067,208,2,Fiat
408568,2006,3.5,215888,128,4,Renault
653176,2009,3.3,90987,145,4,Mercedes
567053,2023,1.1,206648,132,2,Ford
720073,2019,1.5,30615,289,2,Toyota
503749,2016,2.6,144724,100,2,Fiat
633537,2011,2.8,190183,263,2,Volkswagen
681149,2019,2.7,60598,133,4,Honda
693122,2015,3.3,74594,104,2,Audi
633388,2015,3.0,61481,149,2,Toyota
706492,2023,2.4,159199,158,2,Honda
451049,2005,1.8,134011,291,2,Renault
753113,2019,2.1,78246,140,4,Mercedes
637789,2019,1.4,84596,303,2,Renault
612376,2020,1.2,72848,77,4,BMW
646379,2014,3.2,172923,289,4,Renault
714776,2024,2.3,225920,305,2,Fiat
573721,2013,1.3,182182,165,4,Mercedes
698669,2024,1.5,85019,209,2,Toyota
396849,2006,1.5,47866,197,4,Renault
627018,2018,1.0,190629,248,2,Volkswagen
745344,2019,1.5,84010,230,4,Audi
362583,2005,2.6,131472,99,2,Ford
601776,2006,1.8,85052,245,2,Mercedes
736746,2020,1.1,114036,314,4,Volkswagen
514427,2017,2.2,226340,128,4,Ford
542445,2011,1.6,119512,213,2,Volkswagen
351965,2009,1.9,112054,70,2,Fiat
514335,2005,2.0,219245,311,2,Honda
797191,2014,2.8,38515,220,2,Mercedes
548007,2014,2.8,139311,181,2,Fiat
494331,2006,3.2,136251,99,2,BMW
466812,2008,1.0,168761,198,2,Audi
606796,2018,2.9,184341,93,2,Volkswagen
551707,2014,2.3,86888,211,2,Fiat
727091,2021,2.8,107358,84,2,BMW
763881,2019,2.3,94951,293,2,Toyota
379831,2008,1.8,182533,80,2,Honda
508000,2012,1.6,102377,171,4,Toyota
385894,2008,1.8,25832,78,4,Hyundai
833155,2023,2.1,122226,226,4,BMW
684585,2020,2.1,24510,77,2,Audi
453526,2006,1.9,81311,107,4,BMW
662975,2019,1.2,84106,121,2,Mercedes
612638,2024,1.5,196025,155,2,Hyundai
560048,2005,2.3,43256,317,2,Hyundai
628926,2023,3.0,202187,120,4,Hyundai
475866,2006,2.5,71363,143,4,Honda
403047,2006,1.4,140981,202,4,Hyundai
452666,2008,3.5,169832,120,2,Renault
488453,2005,2.9,207659,272,4,Hyundai
563895,2021,1.9,148869,116,2,Ford
486084,2015,2.5,180153,100,2,Renault
740437,2023,1.1,115314,252,2,Volkswagen
620234,2009,3.3,206192,263,4,Honda
750039,2015,1.8,194535,320,4,BMW
447435,2014,1.5,162977,104,2,Ford
508229,2010,2.5,197555,165,2,Volkswagen
726356,2020,1.6,25464,307,4,Ford
741545,2020,2.9,144984,275,4,Ford
672697,2024,2.3,188372,235,2,Fiat
778421,2023,1.1,126663,305,4,Honda
637388,2010,3.2,95972,234,4,Honda
353016,2008,1.2,188363,141,2,Toyota
511829,2015,1.9,235097,252,4,Fiat
478683,2017,1.3,107677,148,4,Fiat
525181,2018,1.4,23382,106,4,Ford
702177,2017,3.1,121550,251,4,Ford
441905,2013,1.5,178306,87,4,Volkswagen
439277,2010,2.9,123807,97,4,Renault
394127,2013,1.0,227076,81,4,Honda
743814,2022,1.8,82408,290,2,Ford
654002,2020,2.5,184027,113,2,Volkswagen
651791,2011,1.3,146796,314,4,Audi
561991,2012,2.1,130549,186,2,Honda
569935,2019,2.6,21024,91,4,Fiat
483379,2006,1.6,151041,249,2,Honda
750382,2024,2.6,212081,173,2,Honda
767660,2022,2.6,96985,187,2,Honda
676148,2020,1.9,209934,111,4,Mercedes
725022,2009,2.9,238563,320,4,Mercedes
700003,2007,2.1,37131,305,2,Mercedes
677189,2016,3.1,32132,200,4,Hyundai
608871,2014,3.4,76085,192,2,Fiat
695472,2008,3.2,74836,232,4,BMW
732752,2013,2.1,68729,298,2,Audi
287384,2007,1.4,192165,98,4,Fiat
417151,2007,2.4,152390,150,2,Ford
645073,2012,2.7,92422,239,4,Honda
588273,2020,1.4,155894,136,4,Honda
502288,2014,1.4,146556,203,2,Renault
726483,2015,2.7,146257,238,2,Audi
637767,2019,1.5,78955,239,2,Hyundai
718376,2015,3.4,96281,191,2,Honda
649767,2017,3.0,220204,172,2,Honda
599932,2022,1.5,147194,163,4,Hyundai
745535,2023,2.6,227505,256,2,Toyota
530714,2009,2.1,85943,301,2,Fiat
536217,2018,1.8,203804,139,2,Toyota
816545,2022,3.1,29962,217,4,Toyota
335307,2011,1.3,233793,104,2,Renault
605331,2011,2.1,157756,265,4,Volkswagen
483237,2010,1.2,173301,305,4,Renault
623952,2021,2.2,213226,233,2,Renault
482547,2018,1.0,143743,70,2,Honda
467076,2008,2.0,210449,139,4,BMW
542957,2020,1.3,208906,169,2,Ford
546994,2010,3.0,160022,281,2,Fiat
623357,2014,1.9,207886,294,4,Toyota
665141,2013,1.0,102433,280,4,BMW
527016,2013,2.8,20430,71,4,Toyota
891328,2019,2.9,111065,302,4,Audi
676856,2022,3.3,62186,112,4,Hyundai
636695,2012,1.6,197000,294,4,Audi
731551,2023,3.3,201357,95,2,Volkswagen
769740,2020,3.4,148137,169,2,Volkswagen
686340,2013,2.1,29315,241,2,Volkswagen
541513,2008,1.4,151121,225,4,Mercedes
577054,2013,2.1,229898,316,2,Renault
519031,2005,3.1,190887,146,2,Mercedes
829000,2016,2.6,70552,291,4,BMW
576440,2013,3.0,203536,197,4,Toyota
674710,2023,2.0,38965,93,2,Honda
537688,2022,1.1,115607,138,4,Renault
614581,2015,3.1,89262,213,2,Fiat
617437,2006,3.0,48467,255,2,Honda
932352,2024,2.2,211107,296,4,Mercedes
620222,2011,2.9,206814,156,2,Mercedes
576947,2013,2.0,47542,174,4,Toyota
690613,2023,3.1,145240,164,2,Hyundai
683991,2021,3.4,139671,212,4,Fiat
673024,2024,1.6,179432,135,4,Volkswagen
401992,2012,1.0,226733,168,4,Hyundai
619627,2012,3.2,131151,215,4,Toyota
664651,2016,1.8,198378,257,4,Volkswagen
418958,2009,2.7,111387,106,4,Renault
740340,2018,2.1,103761,187,2,BMW
709484,2021,2.4,129919,183,4,Honda
713042,2013,3.0,178611,205,4,Mercedes
644138,2019,2.1,155676,275,2,Renault
800303,2016,1.8,111260,291,4,Mercedes
834451,2016,3.2,191547,256,2,Mercedes
564405,2017,1.2,56673,179,2,Ford
772633,2023,2.4,231696,133,2,Mercedes
799928,2013,3.2,157899,312,4,Audi
547388,2007,3.5,71952,88,4,BMW
567208,2008,1.1,24801,252,4,BMW
378688,2009,1.1,54792,110,2,Ford
417569,2008,2.1,83565,92,4,Ford
856231,2021,3.0,125131,240,2,Audi
571452,2019,1.2,216013,120,4,Audi
765050,2023,2.8,67318,119,4,Volkswagen
504448,2019,1.7,89880,100,2,Fiat
764241,2016,2.7,66672,182,4,Mercedes
686706,2017,2.9,69374,169,4,Honda
593749,2015,3.4,34353,83,4,Toyota
786589,2015,3.4,190910,220,2,Mercedes
588428,2012,3.2,65734,115,4,Honda
674758,2009,1.7,55237,292,2,BMW
765695,2017,1.8,189754,318,2,BMW
303554,2005,2.0,83790,70,2,Fiat
680799,2017,2.2,149668,306,2,Ford
775671,2024,1.6,227497,272,2,Volkswagen
360592,2007,1.7,156094,122,2,Ford
610789,2015,2.1,113212,229,4,Ford
907204,2023,3.5,100554,247,2,Volkswagen
365245,2010,1.6,223330,133,4,Renault
517240,2017,1.8,129291,89,2,Toyota
691871,2024,1.5,196249,191,4,Volkswagen
474626,2006,2.3,167643,228,4,Ford
748839,2023,3.2,196383,228,4,Hyundai
597688,2008,1.4,47903,229,2,Mercedes
480197,2018,1.8,227632,134,4,Renault
680909,2011,3.1,33728,316,4,Hyundai
858248,2018,2.7,77367,274,4,Audi
456453,2007,1.6,132964,194,4,Volkswagen
789610,2023,2.3,152636,169,4,BMW
676564,2021,1.1,121067,170,4,Audi
858921,2023,1.8,172194,258,2,Mercedes
484337,2013,1.3,218312,113,2,Mercedes
487106,2017,1.4,44199,124,2,Fiat
643616,2023,2.5,108260,165,2,Renault
599963,2021,2.0,108021,109,2,Ford
478619,2014,1.7,73120,168,4,Fiat
612742,2019,2.4,72587,158,4,Renault
557330,2011,1.2,229212,320,2,Honda
795882,2016,2.4,104950,285,4,BMW
804893,2019,3.4,30969,148,2,Audi
751918,2024,2.8,68851,188,2,Ford
820411,2023,2.8,36887,114,2,BMW
505501,2007,2.5,28779,232,4,Renault
482269,2014,1.3,190493,208,2,Hyundai
648374,2016,1.8,78128,131,2,Mercedes
727966,2023,2.7,142553,250,4,Renault
762257,2023,2.9,54307,261,4,Fiat
630209,2018,1.9,90740,198,2,Toyota
463050,2008,3.0,201659,126,4,Honda
775103,2013,2.5,64131,249,2,Mercedes
678911,2021,3.2,67184,188,4,Fiat
430613,2005,3.0,183685,178,2,Hyundai
606329,2008,2.0,62813,274,4,Volkswagen
500458,2006,1.9,128390,167,4,Mercedes
620892,2016,2.7,124197,91,4,Audi
644803,2009,2.8,146532,282,2,Volkswagen
520124,2008,1.8,98231,245,4,Toyota
331653,2009,1.0,115889,102,4,Renault
615637,2018,1.6,26607,70,2,BMW
464988,2007,1.3,140416,206,4,Audi
450671,2006,2.0,236989,289,2,Hyundai
651798,2019,1.3,179832,246,2,Volkswagen
573822,2012,2.4,133202,189,2,Honda
573101,2020,3.1,220036,126,2,Fiat
613365,2017,3.2,116002,200,4,Fiat
721686,2021,3.0,27647,212,2,Renault
619505,2011,1.0,66443,313,4,Honda
925167,2023,2.7,21077,189,4,Mercedes
350186,2010,1.1,205630,118,2,Ford
721839,2024,3.3,153529,159,2,Ford
556667,2013,3.3,215588,171,2,Hyundai
622542,2007,3.4,202214,225,2,Audi
531235,2013,2.0,99702,229,4,Fiat
418198,2008,1.7,220611,135,4,Audi
673580,2022,2.8,131753,230,4,Fiat
631333,2021,2.3,191179,227,2,Fiat
702808,2024,2.8,90174,147,4,Ford
425044,2011,2.2,130568,94,2,Ford
651741,2012,2.9,49984,319,4,Renault
412837,2006,1.5,143913,216,4,Hyundai
349936,2008,2.2,229529,98,4,Fiat
398251,2010,1.2,137394,160,4,Hyundai
751021,2021,1.9,103575,200,4,Audi
708025,2020,1.6,27207,239,4,Toyota
851138,2016,2.5,56773,263,2,Mercedes
687455,2023,2.0,203144,320,2,Fiat
522787,2007,2.9,99764,152,4,Volkswagen
642920,2024,2.3,214237,78,4,Honda
724563,2023,1.9,75499,259,2,Hyundai
626831,2023,2.4,80333,99,2,Renault
636327,2024,1.5,46934,187,4,Fiat
665727,2012,1.5,53089,307,2,Honda
765900,2018,2.6,49168,223,4,Volkswagen
538746,2016,1.7,185014,162,4,Toyota
848992,2019,3.2,40940,190,2,Audi
803684,2021,3.2,164707,122,2,Mercedes
736857,2016,2.0,207000,251,2,Mercedes
417616,2006,3.3,35656,84,4,Renault
832233,2016,3.3,147369,272,2,Audi
713532,2023,2.5,164700,88,2,BMW
437479,2008,2.0,25355,154,2,Fiat
670213,2024,2.1,81552,201,2,Fiat
819686,2018,2.7,63874,181,4,Mercedes
502468,2013,1.3,92328,88,2,BMW
593843,2012,3.3,108238,201,4,Hyundai
605145,2006,1.9,50225,272,2,BMW
518188,2017,2.2,65867,108,2,Fiat
716662,2024,1.8,174205,297,2,Renault
590228,2018,2.0,179706,86,2,Audi
351071,2011,1.2,174610,88,4,Renault
410929,2005,3.2,66603,97,2,Fiat
589509,2009,3.2,87346,226,2,Toyota
584091,2016,2.6,20909,78,2,Toyota
924393,2022,3.1,234430,255,2,Mercedes
932041,2021,2.0,56797,288,2,Mercedes
554674,2012,1.3,158841,278,2,Toyota
508236,2013,1.7,136900,141,2,Volkswagen
466080,2008,2.0,58283,174,2,Hyundai
506031,2008,1.6,231233,291,4,Toyota
498284,2005,2.4,234798,268,2,Honda
802563,2009,3.2,88842,297,4,Mercedes
465371,2008,1.8,20038,71,2,Audi
696507,2016,3.2,190610,270,2,Toyota
613948,2023,2.5,209483,158,4,Fiat
758022,2017,2.9,23092,301,2,Ford
675475,2023,3.5,86984,115,4,Fiat
816373,2019,2.1,108557,249,2,BMW
775570,2023,1.3,91897,270,4,Honda
500613,2024,1.0,155902,82,2,Renault
507401,2012,2.2,184886,241,2,Fiat
663219,2018,2.3,164895,131,2,Audi
583128,2015,1.7,230744,310,2,Renault
794572,2015,3.2,41134,255,2,Volkswagen
653430,2013,2.3,180310,214,4,Audi
905887,2023,2.4,111948,240,2,Mercedes
664404,2023,3.3,151765,115,2,Renault
748010,2022,2.9,44616,257,2,Renault
667944,2018,3.2,210846,122,2,Volkswagen
463122,2007,1.5,231073,190,4,BMW
911521,2024,2.8,198917,278,2,Audi
790758,2017,2.5,45513,183,2,Mercedes
688859,2022,1.2,89923,143,2,BMW
481446,2010,3.5,164461,80,2,Toyota
454895,2010,1.9,45016,84,4,Toyota
474267,2012,1.3,164905,169,4,Honda
740930,2020,2.1,42767,116,2,Mercedes
549537,2019,1.4,169211,147,4,Ford
609636,2023,2.4,80336,133,2,Fiat
705778,2024,2.7,73257,197,2,Fiat
724492,2005,3.5,21184,308,4,Audi
464235,2009,2.4,168907,110,2,Honda
770988,2017,2.1,118798,315,4,Volkswagen
337226,2005,2.1,110736,93,4,Fiat
685064,2020,3.2,193630,252,2,Fiat
467986,2007,1.4,98978,263,4,Hyundai
414460,2010,1.1,180613,228,4,Renault
544510,2016,1.6,84206,145,4,Ford
603422,2010,3.4,219268,127,4,Mercedes
537914,2013,2.8,67945,126,2,Ford
857272,2014,3.2,22429,238,2,Mercedes
346377,2005,1.9,232671,71,4,Mercedes
496455,2008,2.3,113051,192,4,Toyota
623260,2016,2.3,176948,259,2,Hyundai
658503,2012,2.0,86321,186,2,Mercedes
549668,2024,1.1,92053,107,4,Fiat
637064,2022,1.0,134384,121,2,Audi
571859,2022,2.5,70112,71,4,Renault
586492,2013,2.6,166819,292,2,Renault
671167,2024,1.8,213610,195,2,Toyota
576410,2024,1.1,202659,89,4,Honda
590317,2023,1.3,94020,176,2,Renault
572124,2008,2.9,66609,157,2,Volkswagen
727762,2024,3.1,202714,121,4,Honda
493275,2013,1.3,111797,257,2,Fiat
506664,2018,1.7,219555,113,2,Ford
432973,2013,1.3,206039,203,2,Fiat
784414,2022,2.6,168616,248,2,Honda
592050,2014,3.0,140465,156,4,Toyota
880814,2021,2.6,46146,198,4,Mercedes
529177,2014,2.9,74153,107,4,Renault
702749,2016,1.1,78924,316,4,Honda
518885,2017,1.3,21154,158,4,Renault
679648,2013,2.7,193733,287,2,Honda
515363,2017,1.7,88697,134,4,Fiat
580104,2016,1.3,67539,275,4,Renault
661812,2009,2.6,122981,312,2,Volkswagen
576931,2016,2.5,205915,151,4,Toyota
711903,2012,2.3,183143,297,4,BMW
475171,2013,1.1,104199,169,2,Toyota
760179,2022,2.0,83578,134,2,BMW
731792,2021,2.6,170554,198,4,Honda
372302,2007,2.2,65747,80,2,Hyundai
627192,2018,1.2,96448,99,4,Mercedes
561342,2013,1.3,105518,208,4,Volkswagen
343114,2005,1.9,138087,118,2,Renault
593447,2024,2.0,208760,156,2,Fiat
646311,2022,2.2,224085,197,4,Hyundai
507015,2007,3.1,191327,157,4,Honda
614952,2013,2.9,106287,266,4,Renault
793173,2007,3.4,78977,317,2,Mercedes
534987,2011,1.6,78944,253,2,Ford
441292,2011,1.8,179544,144,4,Hyundai
860642,2023,2.7,175480,175,4,Mercedes
815375,2024,3.4,82313,190,4,Toyota
463324,2010,1.2,126946,172,2,Honda
444627,2008,3.1,213461,128,2,Toyota
567143,2018,1.6,112185,190,4,Hyundai
473208,2009,1.4,197916,147,2,Mercedes
562819,2019,2.3,190921,130,2,Ford
745854,2024,1.7,212590,265,2,Honda
395361,2009,2.2,181127,130,4,Renault
542087,2015,2.3,69734,83,4,Toyota
768528,2021,2.0,168229,239,2,Audi
586846,2011,2.5,56623,299,2,Fiat
467176,2005,2.9,239120,269,2,Fiat
653937,2022,2.4,176109,159,2,Toyota
586924,2011,1.6,148767,285,4,Honda
623360,2009,2.7,204396,208,4,Mercedes
567888,2012,2.6,145339,73,2,Mercedes
478844,2016,1.2,51748,78,4,Ford
438662,2007,1.9,236347,125,2,Mercedes
496649,2009,1.7,201448,295,4,Hyundai
662454,2018,1.8,105390,123,2,Mercedes
800443,2018,1.9,35697,216,2,Mercedes
666836,2016,2.4,62928,99,4,Mercedes
719459,2018,2.4,224499,270,4,Volkswagen
509201,2012,2.2,112923,82,2,Audi
462854,2008,3.3,181197,143,4,Hyundai
543568,2005,3.4,142780,286,4,Hyundai
639320,2013,3.2,186639,212,2,Honda
631376,2019,3.3,218788,164,4,Hyundai
645489,2024,2.7,143285,89,2,Hyundai
705550,2020,3.5,177012,252,2,Fiat
516128,2015,2.5,99659,95,2,Hyundai
499714,2008,1.4,189151,276,4,Honda
717267,2016,2.9,26612,294,4,Hyundai
701306,2023,1.8,130400,198,4,Toyota
639027,2016,2.0,109037,283,2,Hyundai
720932,2021,2.3,178278,274,2,Toyota
420643,2013,1.4,160488,159,4,Fiat
484845,2007,3.4,223785,71,2,BMW
563686,2015,2.6,113555,188,4,Renault
659224,2010,3.2,234559,289,4,Honda
425247,2008,1.0,215826,261,2,Hyundai
828558,2022,3.2,30112,76,4,Mercedes
696805,2017,2.1,57817,303,4,Hyundai
412344,2008,1.6,176487,149,4,Toyota
528223,2017,2.0,198246,144,2,Ford
578866,2017,2.0,57874,92,4,Honda
929527,2022,2.5,67747,318,2,Audi
464503,2005,2.8,105481,242,4,Fiat
571079,2009,2.3,145362,238,4,Volkswagen
889500,2012,3.4,38099,309,4,Mercedes
950574,2024,1.7,34089,307,2,BMW
406066,2005,1.7,78213,163,2,Toyota
681183,2020,2.8,89602,126,4,Honda
712173,2020,3.1,213654,221,4,Toyota
681029,2012,1.7,61483,314,2,Volkswagen
621376,2017,1.4,132714,150,2,BMW
655273,2011,2.6,41799,296,4,Toyota
574679,2021,2.6,94021,108,4,Fiat
598230,2014,2.3,27042,228,4,Renault
622915,2024,1.8,83068,142,4,Fiat
574030,2014,1.9,235529,181,2,BMW
569092,2012,3.5,35012,133,2,Hyundai
670962,2018,1.6,27215,229,4,Toyota
605776,2019,1.7,129272,125,2,Honda
638619,2020,1.5,202801,95,2,Mercedes
508832,2006,3.2,67685,220,2,Fiat
726883,2021,1.6,156211,205,4,Audi
710827,2014,2.0,54314,235,2,BMW
802835,2022,1.8,176774,320,4,Volkswagen
554367,2018,1.2,167841,253,4,Fiat
628080,2015,1.6,124675,164,2,BMW
593932,2011,2.4,82168,319,4,Fiat
714543,2023,1.9,125365,114,2,BMW
472515,2006,3.4,196110,71,2,BMW
511933,2014,1.7,76462,197,4,Renault
562649,2014,3.5,90149,103,4,Renault
885608,2019,2.1,31774,251,4,Mercedes
685249,2020,3.4,211962,96,2,Volkswagen
711366,2014,2.1,68141,218,2,BMW
551667,2016,1.9,86638,97,4,Honda
623257,2012,2.6,68060,137,2,BMW
647707,2014,2.5,78261,260,2,Ford
599524,2005,2.8,73548,205,4,Mercedes
747051,2023,2.9,193794,158,4,Honda
771158,2021,2.0,142870,319,2,Toyota
693836,2021,3.4,236592,105,2,Volkswagen
714388,2024,1.7,92901,91,4,BMW
430289,2010,3.0,198755,98,4,Hyundai
644275,2021,1.1,154832,292,2,Renault
807517,2019,1.4,94312,304,2,BMW
496300,2008,2.7,195586,216,2,Hyundai
574002,2020,1.5,25925,107,4,Hyundai
359711,2007,1.6,32639,105,2,Fiat
938228,2022,2.2,182301,315,2,Mercedes
420858,2014,1.4,106489,94,2,Hyundai
495159,2012,2.5,165159,116,2,Toyota
441617,2013,1.5,222752,117,4,Honda
603299,2017,1.4,74466,173,2,Honda
346868,2010,1.1,123152,70,4,Hyundai
752609,2020,3.2,49472,128,4,Volkswagen
439310,2007,1.8,146675,207,4,Hyundai
578756,2024,1.3,231705,198,4,Renault
536453,2013,1.1,230832,265,4,Honda
523369,2015,2.9,228852,151,4,Hyundai
393366,2007,1.9,24877,76,4,Ford
799684,2023,1.9,75237,173,4,Audi
627784,2022,2.8,145986,118,4,Hyundai
639724,2013,2.3,191739,211,2,Audi
569046,2006,1.2,143709,307,4,Mercedes
485609,2018,1.7,228473,123,2,Ford
593887,2017,1.4,58837,127,4,Volkswagen
605874,2018,2.4,117668,115,2,Honda
767929,2024,2.9,65638,71,2,Audi
628422,2023,1.3,95957,248,2,Fiat
580207,2009,2.4,176346,280,2,Honda
813309,2012,3.1,127397,297,4,Mercedes
727069,2021,1.8,172241,310,4,Toyota
358354,2012,1.4,169860,103,4,Fiat
712951,2018,3.3,28020,202,2,Hyundai
665552,2022,1.9,106745,261,2,Fiat
546540,2007,2.1,83182,304,4,Hyundai
710774,2023,2.1,131616,111,2,Audi
559657,2012,2.2,34041,254,2,Fiat
509557,2012,2.4,42836,77,2,Honda
451739,2005,1.0,120143,281,4,Honda
618395,2010,2.5,205382,246,4,Audi
549095,2017,1.2,102615,216,2,Hyundai
590350,2018,1.7,232592,252,2,Ford
482517,2015,1.8,164209,80,4,Honda
634888,2006,3.1,134625,212,2,Mercedes
638248,2020,3.2,232594,79,4,Volkswagen
531891,2016,3.1,181069,93,4,Ford
613005,2010,1.3,38001,303,2,Volkswagen
411827,2008,1.3,151462,217,4,Fiat
685869,2012,2.5,140155,244,4,Audi
491470,2020,1.9,202619,108,2,Fiat
384030,2008,1.2,209185,214,2,Hyundai
755463,2017,3.4,162244,155,4,BMW
472202,2010,3.1,113730,103,2,Renault
798398,2017,2.4,126529,284,4,Audi
772394,2022,2.2,84293,161,2,Audi
592020,2012,2.9,94776,236,2,Hyundai
794559,2021,1.6,69306,275,4,Volkswagen
802560,2024,3.2,107413,102,4,Audi
591226,2016,2.3,44551,154,2,Ford
661155,2019,2.2,172327,127,4,Audi
565543,2012,2.2,62454,94,2,Audi
810945,2022,3.0,176561,161,4,BMW
522168,2011,2.9,104055,127,4,Ford
474910,2012,3.3,215794,138,4,Fiat
570892,2006,2.3,98017,308,2,Toyota
646788,2015,2.0,84149,284,4,Hyundai
611959,2009,1.3,107926,298,4,Audi
571734,2009,2.9,69360,152,4,Honda
633239,2007,2.0,70155,274,2,BMW
590862,2012,1.8,116599,188,2,BMW
728154,2017,3.5,106075,174,4,Honda
650438,2017,2.7,203496,130,4,Audi
639226,2019,2.7,192858,239,4,Fiat
629343,2015,1.7,98557,184,2,Audi
634855,2018,2.3,88744,85,2,Audi
379397,2006,1.6,94550,145,4,Hyundai
650604,2019,1.2,136182,168,4,BMW
750959,2019,3.4,181494,263,4,Toyota
494639,2009,3.3,35984,109,2,Renault
635802,2020,1.3,215608,119,2,Mercedes
542708,2013,1.9,217191,254,4,Ford
627455,2014,2.8,31075,209,4,Ford
611171,2015,1.7,116570,199,4,Honda
696884,2020,3.3,228091,179,2,Toyota
734490,2012,3.4,25495,203,2,Audi
626443,2018,1.2,50123,244,2,Hyundai
452825,2012,2.1,50588,93,4,Renault
646937,2018,3.4,221215,261,2,Fiat
506454,2024,1.1,155970,75,2,Fiat
579574,2017,1.7,89384,107,2,Volkswagen
420024,2008,1.3,192535,226,4,Ford
877545,2018,3.5,29300,197,4,BMW
420891,2007,2.7,91857,120,2,Fiat
669415,2018,3.4,22757,174,4,Renault
714444,2021,1.4,142002,250,4,Volkswagen
541311,2024,2.1,158641,78,4,Fiat
841412,2023,3.3,146411,200,4,Volkswagen
614155,2009,1.4,28201,244,4,BMW
686075,2016,3.4,157871,227,4,Toyota
543616,2015,2.9,171802,179,4,Renault
482992,2015,2.9,207535,104,4,Fiat
406280,2005,1.1,22129,143,2,Honda
606437,2016,1.7,143441,229,4,Toyota
550004,2009,2.7,29793,243,4,Renault
468106,2018,1.3,223301,110,2,Hyundai
579218,2018,1.0,149311,128,2,Audi
656564,2007,1.7,82094,320,4,Mercedes
560643,2005,2.0,153408,289,2,BMW
773769,2022,1.2,79726,190,4,Mercedes
963895,2021,3.1,81008,311,2,Audi
588706,2006,2.3,227665,295,2,Audi
431049,2011,3.0,227879,92,2,Renault
628288,2011,2.7,221604,276,2,Honda
552428,2017,1.7,81921,172,4,Renault
475176,2007,2.2,239453,152,2,Mercedes
462547,2005,1.3,74223,274,4,Ford
458022,2007,1.9,47850,233,4,Fiat
719070,2022,2.4,211702,268,4,Ford
585620,2005,3.2,32299,207,4,Volkswagen
689574,2012,2.4,20884,269,4,Honda
601627,2019,3.5,222663,155,2,Fiat
475393,2011,1.7,86679,102,4,Honda
819450,2023,2.8,220934,289,2,Honda
557481,2005,1.3,163200,300,4,Mercedes
421909,2009,1.1,111717,201,4,Hyundai
492961,2014,2.5,142954,154,2,Fiat
535259,2010,2.5,223455,214,4,Honda
561151,2017,2.7,87425,123,4,Fiat
366340,2005,2.6,65686,84,2,Renault
441074,2007,2.6,219127,169,4,Toyota
475758,2005,3.4,112630,99,4,Honda
703399,2006,2.5,52020,312,2,Mercedes
427138,2008,1.6,158771,146,4,Honda
616436,2007,2.4,221663,307,2,Audi
502903,2008,3.1,180825,79,4,Mercedes
434333,2007,1.7,127078,162,2,Honda
788579,2022,1.8,150474,295,2,Honda
464867,2005,2.3,214017,298,2,Fiat
830741,2021,3.2,167396,198,2,Audi
958293,2024,3.2,44918,276,4,Volkswagen
665909,2014,1.6,116612,229,4,BMW
836579,2023,3.4,52220,192,4,Honda
668429,2009,3.4,205087,220,2,BMW
553256,2014,1.4,193823,304,2,Renault
443098,2005,1.6,118489,254,2,Ford
650312,2023,1.9,64927,135,4,Ford
706512,2016,2.8,190794,245,2,Honda
325755,2006,1.7,120264,88,4,Ford
621435,2015,1.1,153180,250,4,Audi
607078,2017,2.0,164280,90,2,Mercedes
816481,2024,1.9,155457,191,2,BMW
683706,2012,2.6,168394,299,4,Honda
690803,2022,2.1,180509,247,4,Ford
686271,2016,3.3,170143,205,2,Honda
301681,2006,1.3,98218,97,4,Renault
692709,2020,2.3,195339,278,2,Hyundai
762167,2021,2.3,100899,100,4,Mercedes
797315,2016,2.9,97720,209,4,Mercedes
656024,2007,3.4,230036,260,4,BMW
626704,2017,3.1,219433,143,4,Honda
529130,2007,2.3,23239,204,4,Toyota
829601,2024,2.3,196123,307,2,Honda
503198,2017,1.3,34734,137,4,Renault
595637,2013,3.0,64802,161,4,Ford
581075,2009,1.7,211221,318,4,Honda
525289,2013,2.7,202626,154,4,Ford
435104,2005,1.5,206495,315,2,Fiat
596019,2010,2.3,79246,274,4,Ford
477684,2007,3.0,49990,85,4,Honda
523989,2012,2.0,238352,283,4,Fiat
735756,2017,3.0,60906,282,2,Ford
447438,2007,1.1,23326,225,4,Ford
461943,2005,2.5,39933,164,2,Toyota
550350,2022,1.1,230116,149,4,Ford
741920,2024,2.4,38639,88,2,Volkswagen
515044,2020,1.1,142965,141,4,Renault
744272,2011,2.7,62164,225,2,Mercedes
491893,2007,3.3,63193,112,4,Ford
423308,2007,2.5,166275,146,4,Ford
491269,2007,1.5,78896,269,2,Hyundai
771904,2022,2.9,137443,165,2,Volkswagen
628416,2019,1.4,143884,285,4,Renault
542798,2011,2.2,50895,201,2,Hyundai
522561,2017,1.7,212868,159,4,Ford
389424,2005,1.0,164988,264,2,Renault
611138,2021,2.5,88594,103,4,Ford
689285,2005,3.4,110499,255,2,Mercedes
463509,2007,2.7,192148,212,2,Renault
540157,2005,1.8,94227,303,4,Honda
661330,2021,1.3,166788,234,4,Toyota
538524,2018,1.5,144575,130,4,Toyota
646861,2017,1.9,50508,182,4,Honda
663111,2008,3.1,177647,252,4,BMW
614821,2016,1.2,117317,166,4,BMW
498348,2014,1.2,202311,143,2,Audi
497480,2008,1.8,165751,173,2,BMW
531348,2019,2.5,167908,101,2,Renault
612139,2014,2.5,131888,168,2,Volkswagen
728062,2018,3.2,99167,319,2,Renault
595039,2018,1.7,46266,158,2,Toyota
739189,2021,2.3,155989,303,2,Ford
738011,2021,3.0,188162,125,2,Audi
360342,2005,2.3,66280,122,2,Fiat
805244,2020,3.2,37424,241,2,Toyota
469889,2005,1.9,219363,246,4,Volkswagen
759196,2021,2.4,57887,195,4,Volkswagen
486717,2013,2.0,89810,113,4,Toyota
784486,2021,1.9,90137,208,2,BMW
808127,2022,2.4,163616,190,2,BMW
561583,2011,2.5,125872,248,2,Hyundai
607694,2017,1.3,63639,100,4,BMW
574181,2008,2.1,239381,278,2,Audi
531073,2008,2.0,218625,211,2,BMW
690744,2021,1.7,62871,130,2,Audi
584207,2014,2.0,230010,311,2,Hyundai
714169,2024,2.4,196903,78,2,Audi
667643,2019,1.5,49426,150,2,Audi
663462,2011,3.2,152162,151,2,Mercedes
692347,2022,2.1,21525,93,4,Honda
788672,2019,2.4,122737,267,4,Volkswagen
468684,2005,2.0,107800,189,4,Volkswagen
512655,2017,2.2,44174,76,4,Renault
425203,2016,1.9,239293,85,2,Fiat
577770,2013,2.5,87396,248,2,Fiat
672120,2022,1.3,132272,290,4,Renault
703609,2018,2.0,23601,273,4,Hyundai
507364,2014,3.4,121993,87,4,Fiat
831968,2021,2.1,120729,271,4,Audi
557052,2016,1.7,21491,197,2,Renault
560508,2016,1.3,180014,101,2,Mercedes
581434,2012,3.4,184631,264,4,Fiat
542936,2006,3.2,64345,240,2,Renault
629395,2023,3.2,236214,92,4,Ford
688006,2008,3.1,221624,311,2,Audi
545547,2008,2.9,107522,237,2,Ford
497516,2015,1.3,162636,206,2,Renault
483750,2009,1.7,148553,149,4,BMW
649870,2020,3.2,222565,246,2,Fiat
658058,2005,2.4,44062,320,4,BMW
402276,2006,1.8,123917,106,4,Audi
483125,2015,1.9,106490,128,2,Renault
635976,2017,3.3,121398,184,4,Renault
627614,2021,1.2,83732,133,4,Honda
627794,2018,2.6,144937,193,4,Ford
708203,2022,1.6,217192,130,4,Mercedes
298358,2005,1.2,137214,124,4,Fiat
354024,2005,1.6,203887,216,2,Fiat
653991,2018,2.2,54501,130,2,Volkswagen
773649,2014,3.1,125729,317,4,Volkswagen
637689,2023,2.7,238300,180,2,Fiat
543172,2015,1.2,235584,189,4,Audi
620415,2013,1.2,34745,316,2,Toyota
586575,2011,2.5,106854,271,2,Hyundai
720825,2016,3.4,175253,295,4,Ford
874820,2015,3.0,23707,310,4,BMW
637274,2021,1.1,120835,234,2,Ford
623839,2019,2.4,34308,130,2,Hyundai
504486,2006,2.2,114310,278,2,Hyundai
578586,2017,1.6,170536,196,4,Toyota
700157,2024,2.4,204721,186,2,Toyota
695754,2023,1.2,189343,308,2,Hyundai
716775,2019,2.4,231961,258,4,Honda
358953,2005,3.0,233317,118,4,Renault
558285,2007,2.2,55554,227,2,Honda
519120,2005,1.3,115695,279,2,Audi
671767,2014,1.6,119839,295,2,Volkswagen
